【节奏纯音／唯美抒情／Piano Beats】まんぼう二等兵(Manbou Second-Class Soldier) - ワスレナグサ	https://www.bilibili.com/video/BV1Wf4y1i7J2	节奏纯音／唯美抒情／Piano Beats	http://i0.hdslb.com/bfs/archive/4d95c9a8a4f40da9a237e7cb7d39f2f8a833536c.jpg	曲名：ワスレナグサ (勿忘我)\n作者：まんぼう二等兵(Manbou Second-Class Soldier)\n成曲时间：2018年8月\n视频用插画作者：依田恵\n其他：该作品为免费共用音乐素材，使用遵循CCL 4.0条款。\n参考网页1：https://dova-s.jp/bgm/play9580.html\n参考网页2：http://www.manbou2ndclass.net/p/blog-page_11.html	
【Chill Hop/优美放松/节奏纯音】Sitting Duck, Tesk, No Spirit - Driftaway	https://www.bilibili.com/video/BV1BA411j7Xv	Chill Hop/优美放松/节奏纯音	http://i1.hdslb.com/bfs/archive/b67d5f995564c90a51deb7fbae23553bb8149e80.jpg	https://www.youtube.com/watch?v=EnDm16WxCNc\n曲名：Driftaway\n作者：Sitting Duck / Tesk / No Spirit\n成曲时间：2020年8月\n其他：Some Rights Reserved。该曲收录于厂牌Chillhop Music (曾用名Chillhop Records) 发行的专辑《FRIENDS CIRCLE》当中，全砖9曲，此为第09曲。	
【纪录片配乐／优美深沉／钢琴独奏】PureComposition - Forgotten	https://www.bilibili.com/video/BV1eK411G7J5	纪录片配乐／优美深沉／钢琴独奏	http://i1.hdslb.com/bfs/archive/9d4032de5a622f3a4019901cdb96837d73ed073f.jpg	https://www.youtube.com/watch?v=ym4c711LseE\n曲名：Forgotten (a.k.a. \"Inspiring Emotional Piano\")\n作者：PureComposition\n成曲时间：2016年7月\n其他：Royal Free Music。使用须购买相应授权 (https://audiojungle.net/item/inspiring-emotional-piano/16129519)	
【氛围极简／安静感伤／钢琴】Spheriá - Don't Forget Me (feat. Lovenja)	https://www.bilibili.com/video/BV1YK4y1E7Yq	氛围极简／安静感伤／钢琴	http://i2.hdslb.com/bfs/archive/1140ae783fd498185279f0b41cf6d169410ab510.jpg	曲名：Don't Forget Me\n作曲：Lajos Baetzel (Spheriá为其Solo Project)\n成曲时间：2014年\n其他：该曲非商业使用请遵循CCL 4.0原则，需要其他授权请联系作者。	
【史诗民谣Vocal／阴森凄美／哥特风音乐素材】Ashley Serena - My Jolly Sailor Bold	https://www.bilibili.com/video/BV1CK411A75n	史诗民谣Vocal／阴森凄美／哥特风音乐素材	http://i0.hdslb.com/bfs/archive/49ed99884ca9755af8dab25ede0851e43bc4760b.jpg	https://www.youtube.com/watch?v=tPLodwT58nE\n曲名：My Jolly Sailor Bold\n演唱：Ashley Serena\n编曲：不详\n成曲时间：2020年9月\n其他：此曲原为16-18世纪欧洲海上传唱的民谣小调，在电影《加勒比海盗：惊涛怪浪》中也曾引用该曲。	
【舞台剧配乐／凄美哀婉／陶笛+吉他】遠き時から	https://www.bilibili.com/video/BV16y4y1r78y	舞台剧配乐／凄美哀婉／陶笛+吉他	http://i0.hdslb.com/bfs/archive/1a3d1f853f0bac934c83301bc63f52d032d89d73.jpg	曲名：遠き時から\n作者：不详 (目前考证ING)\n成曲时间：2017年或更早\n使用插画：染谷真衣 - 恋ひ焦がれて (PID=63981101)\n其他：舞台剧「ツキウタ。」(中译：月歌。)第二幕「月歌奇譚～夢見草」配乐。收录于该舞台剧第二幕原声集《「月歌奇譚 夢見草」音語り》当中，为专辑第01曲。	
【Chillstep／轻电子+钢琴】Mexikus - You	https://www.bilibili.com/video/BV17Z4y1V7Lg	Chillstep／轻电子+钢琴	http://i0.hdslb.com/bfs/archive/a05c4c0fe1e8cdf24d215673d299adeb8511b51b.jpg	曲名：You\n作者：Mexikus (a.k.a. \"Exselsor\", real name \"Arseniy Khodin\")\n成曲时间：2015年\n使用插画：Rella - ハジメテノオト (pid=45691349)\n其他：Royal Free Music。使用须购买授权 (http://audiojungle.net/item/chillstep/7994849)	
【新古典配乐／深沉优美／提琴重奏】Cyrus Of The Sun (Cyrus Reynolds) - Second Dawn	https://www.bilibili.com/video/BV1Qz4y1o7v6	新古典配乐／深沉优美／提琴重奏	http://i1.hdslb.com/bfs/archive/277ab64c8d7bbd77053d3826a858becda535dec4.jpg	曲名：Second Dawn\n作曲：Cyrus Reynolds\n演奏：Rylie Harrod (大提琴), Virginia Rockwell (中提琴), Alanna Tonetti-Tieppo (小提琴), Tabea Sitte (小提琴), Lara Somogyi (竖琴)\n成曲时间：2012年8月\n其他：All Rights Reserved。使用须授权。本曲收录于EP专辑《Serendipity》当中，为其中第03曲。	
【宣传片配乐／史诗流行／燃曲】Unstoppable Music (Kirill Gorokhov) - Wolves Of TVG	https://www.bilibili.com/video/BV1AZ4y1V7i4	宣传片配乐／史诗流行／燃曲	http://i1.hdslb.com/bfs/archive/f06de67d29f8affeceebc80324c2081668a999bd.jpg	曲名：Wolves Of TVG\n作者：Kirill Gorokhov\n成曲时间：2020年2月\n原曲：Sam Tinnesz - Wolves (feat. Silverberg)\n视频制作：TVG\n其他：此曲为厂牌Unstoppable Music为TVG定制的宣传片配乐，目前暂未正式发行。	
【民谣风配乐／优美振奋／长笛+钢琴】Simon Daum - Onward	https://www.bilibili.com/video/BV1GD4y197Np	民谣风配乐／优美振奋／长笛+钢琴	http://i1.hdslb.com/bfs/archive/c0370047a2158f0a2550ecf62787c7fc66e2224e.jpg	https://www.youtube.com/watch?v=vde4HOXfR4Q\n曲名：Onward\n作者：Simon Daum\n成曲时间：2019年2月\n其他：该曲收录于Simon Daum于2019年发布的个人专辑《Epic Music》当中，为专辑第03曲。	
【史诗配乐／宏大震撼／战斗系】Matt Sunny - Call to Arms	https://www.bilibili.com/video/BV1QK411A7Sw	史诗配乐／宏大震撼／战斗系	http://i1.hdslb.com/bfs/archive/1c2e0183259e4efc734782c407534141227e270e.jpg	曲名：Call to Arms\n作者：Matt Sunny\n成曲时间：2017年11月\n视频使用插画：NEKO - V (pid=78945712)\n其他：暂未正式发行。使用请联系作者授权。	
【纪录片配乐／温柔优美／钢琴】Carlos Aguero - Nightfall Feelings	https://www.bilibili.com/video/BV1RK4y1f7hQ	纪录片配乐／温柔优美／钢琴	http://i2.hdslb.com/bfs/archive/563d52b7b7b9dc6039c1155dcda4b0da6f0b8106.jpg	https://www.youtube.com/watch?v=q-a7uAW3aJg\n曲名：Nightfall Feelings\n作者：Carlos Agüero\n成曲时间：2020年8月\n其他：Production Music。使用须授权。	
【史诗配乐／悲壮／女声吟唱】Rafael Krux - Glory of Icarus (feat. Andrea Krux)	https://www.bilibili.com/video/BV16i4y1j7LF	史诗配乐／悲壮／女声吟唱	http://i1.hdslb.com/bfs/archive/6bc6625f3a6c49a46f4552f0ae4baf4608e27d32.jpg	曲名：Glory of Icarus\n作曲：Rafael Krux\n女声：Andrea Krux\n成曲时间：2020年1月\n其他：该曲暂未正式发行，仅在Soundcloud提供试听。使用须联系作者授权。	
【RAndB Piano Beats／节奏纯音／感伤】Dizzla D - Breath	https://www.bilibili.com/video/BV1FZ4y1K7aP	RAndB Piano Beats／节奏纯音／感伤	http://i0.hdslb.com/bfs/archive/1d58bd3e6f7a1ac5d1b25a6735ca430e880c6897.jpg	https://www.youtube.com/user/DizzlaDizzla/videos\n曲名(P1-P2): Breath / Breath (No Hook)\n作者：Dizzla D\n成曲时间：2020年8月\n其他：Royal Free Music。使用须购买授权。	
【Hiphop Piano Beats／节奏纯音／唯美和风】トゥモロービーツ(Tomorrowbeats) - Lemuria	https://www.bilibili.com/video/BV1DK4y1a7Xq	Hiphop Piano Beats／节奏纯音／唯美和风	http://i0.hdslb.com/bfs/archive/0877672ae695e2861cb794d25dcee8879b6d4fac.jpg	曲名：Lemuria\n作者：トゥモロービーツ(Tomorrowbeats)\n成曲时间：2017年\n使用插画作者：染谷真衣\n其他：使用请联系作者本人，确认授权后方可使用。目前该曲已从作者主页移除，暂无其他公共音源。	
【史诗抒情配乐／钢琴／宏大振奋】Shaun Taylor McManus - The Last Stand	https://www.bilibili.com/video/BV1Xt4y1i7SV	史诗抒情配乐／钢琴／宏大振奋	http://i2.hdslb.com/bfs/archive/de40621381cd91d0948a184a5a95599316b4827e.jpg	https://www.youtube.com/watch?v=Tc9wJil0SRsAndab_channel=ShaunTaylorMcManus-Topic\n曲名：The Last Stand\n作者：Shaun Taylor McManus\n成曲时间：2012年7月\n其他：Production Music。使用需授权。	
【Hiphop／节奏纯音／钢琴】トゥモロービーツ(Tomorrowbeats) - 終着駅～The Terminal～ (Instrumental)	https://www.bilibili.com/video/BV1BK4y1a7tG	Hiphop／节奏纯音／钢琴	http://i2.hdslb.com/bfs/archive/08d948e2c5b60d92000a12be2a8532d49554abb5.jpg	曲名：終着駅～The Terminal～ (Instrumental) (终点站 (伴奏))\n作者：トゥモロービーツ(Tomorrowbeats)\n成曲时间：2014年1月\n视频使用插画：snatti - after the rain (pid=67738085)	
【抒情配乐／感伤纯净／钢琴+弦乐组】Gargantuan Music (Charlotte Eve) - The Loss	https://www.bilibili.com/video/BV1xZ4y1T76g	抒情配乐／感伤纯净／钢琴+弦乐组	http://i2.hdslb.com/bfs/archive/6f2975be323292d8e3c2e6487ebb05011984f090.jpg	曲名：The Loss (怅然若失)\n作曲：Charlotte Eve\n成曲时间：2018年\n其他：Production Music。使用须授权。该曲收录于厂牌Gargantuan Music旗下Gargantuan Creative系列的专辑《Emotional Piano And Strings》当中，专辑编号GCR035，工业版共62曲，此为第53曲。目前暂未发行公共版。	
【史诗配乐／宏大振奋／交响】Gargantuan Music (Christopher Davey) - The Voyager	https://www.bilibili.com/video/BV17h411o7wT	史诗配乐／宏大振奋／交响	http://i0.hdslb.com/bfs/archive/52f44be320f180dd33aaefff5ba10074ef2d4a3c.jpg	https://www.youtube.com/watch?v=UDoybrIAlMk\n视频制作：HDSOUNDI\n曲名：The Voyager\n作曲：Christopher Davey\n成曲时间：2020年7月\n其他：Production Music。使用须授权。该曲收录于厂牌Gargantuan Music发布的专辑《ARISE ONE WOLRD》当中，工业版192曲，公共版13曲，此为公共版专辑第09曲。	
【抒情轻音／安静温柔／钢琴独奏】竹内まりか(Marika Takeuchi) - Unspoken Words	https://www.bilibili.com/video/BV1x54y1U7VN	抒情轻音／安静温柔／钢琴独奏	http://i2.hdslb.com/bfs/archive/c1ee9a6555f78cdc62ea770f2b63a2ebe92c1ffc.jpg	https://www.youtube.com/watch?v=NtdzX03YQeg\n曲名：Unspoken Words\n作曲／钢琴演奏：竹内まりか(Marika Takeuchi)\n成曲时间：2020年8月\n其他：All Rights Reserved。该曲由厂牌\"Bigo And Twigetti\"代理发行，于今年8月份发布了单曲，并将收录于该厂牌即将于9月初发布的专辑《Perceptions》当中。	
【新古典／安静忧伤／钢琴+提琴】Shaun Taylor McManus - My Last Memory	https://www.bilibili.com/video/BV1mt4y1U7vJ	新古典／安静忧伤／钢琴+提琴	http://i0.hdslb.com/bfs/archive/f435ba16df7d2a2f926fa06d0260128a58d99bf6.jpg	https://www.youtube.com/watch?v=C5ti85qxweY\n曲名：My Last Memory\n作曲／钢琴演奏：Shaun Taylor McManus\n成曲时间：2016年或更早\n其他：收录于2016年的个人专辑《Born Electric》当中，全砖12曲，此为第11曲。	
【纪录片配乐／细腻悠远／钢琴+小提琴】Matthew L. Fisher - Seasons	https://www.bilibili.com/video/BV1Nt4y1Q74X	纪录片配乐／细腻悠远／钢琴+小提琴	http://i2.hdslb.com/bfs/archive/823395850b0fc2d722619ce35df108f1c1fdf50c.jpg	https://www.youtube.com/watch?v=Zkod7epjbr4\n曲名：Seasons\n作者：Matthew L. Fisher\n成曲时间：2017年\n其他：All Rights Reserved。该曲最早成曲于2015年9月，并作为参赛作品入围Artprize 2015 Competition，并在同月份发布了单曲版本，时长3分37秒。后来该曲重新改编，并将中间的小提琴部分进行了重新制作，新版本收录于2017年的专辑《SHELTER》当中，时长4分钟。	
【纯音配乐／氛围抒情／竖琴+弦乐组+女声吟唱】Anna B May - If I Had Wings	https://www.bilibili.com/video/BV1KT4y177oq	纯音配乐／氛围抒情／竖琴+弦乐组+女声吟唱	http://i1.hdslb.com/bfs/archive/819da8ad22680db676e19718dd6c714652d0f39e.jpg	曲名：If I Had Wings\n作者：Anna B May\n成曲时间：2019年10月\n其他：All Rights Reserved。该曲已由部分国内平台(如网易云)正版引进。	
【氛围新古典／钢琴+提琴／空灵唯美】Thomas James White - The Princess and the Astronaut	https://www.bilibili.com/video/BV1x64y1c7nq	氛围新古典／钢琴+提琴／空灵唯美	http://i1.hdslb.com/bfs/archive/dca4b4d6943d1be469ea462aca893acb5233bb2a.jpg	https://www.youtube.com/watch?v=87IeDX4qOwU\n曲名：The Princess and the Astronaut\n作曲：Thomas James White (also referred as \"Tom L J White\")\n成曲时间：2019年10月\n其他：All rights reserved。	
【新古典配乐／哀婉／钢琴+提琴】TheJRSoundDesign (Justus Rümenapp) - When Earth Stands Still	https://www.bilibili.com/video/BV1Vi4y1G7b2	新古典配乐／哀婉／钢琴+提琴	http://i1.hdslb.com/bfs/archive/504abbe095f094b2f16118d2952365bb2003b13a.jpg	https://www.youtube.com/watch?v=qhus_Z7luS8\n曲名：When Earth Stands Still\n作曲：Justus Rümenapp\n成曲时间：2020年3月\n其他：Royal Free Music。使用须授权。	
【史诗配乐／宏大振奋／女声吟唱】Fran Soto - The Fate of the Five Hills (feat. Lara Ausensi)	https://www.bilibili.com/video/BV19p4y1i77k	史诗配乐／宏大振奋／女声吟唱	http://i0.hdslb.com/bfs/archive/820f9c6a6190f7cab3e89005bc0c7a6ee2d9393b.jpg	https://www.youtube.com/watch?v=Mc2b_MkwuE8\n视频制作：Epic Heaven Music\n曲名：The Fate of the Five Hills (运起五岳)\n作曲：Fran Soto\n女声：Lara Ausensi\n成曲时间：2019年9月\n其他：All Right Reserved。该曲收录于EP专辑《THE MUSIC OF CARTHAGINIANS ＆ ROMAN》当中，为其中第01曲	
【韩系轻音／安静治愈／钢琴独奏】BigRicePiano - Love Piano Selection	https://www.bilibili.com/video/BV1GZ4y1M77y	韩系轻音／安静治愈／钢琴独奏	http://i0.hdslb.com/bfs/archive/fc141afa883de0d47ff93901a020d94347d4057f.jpg	https://www.youtube.com/c/BigRiceRecords/videos\n曲名(P1-P4)：Next to You／Panacea／Winter Heart／With You\n作者：BigRicePiano\n成曲时间：2020年5月-7月\n其他：All Rights Reserved。官方正版购买网页：https://bigrice.bandcamp.com/	
【史诗叙事配乐／英雄挽歌】Mustafa Avsaroglu - ;The Girl In The Woods, She Is Your Destiny;	https://www.bilibili.com/video/BV1rC4y187w4	史诗叙事配乐／英雄挽歌	http://i2.hdslb.com/bfs/archive/26cfbd70fc1d24be498a507384f6bb5e352c84df.jpg	https://www.youtube.com/watch?v=PxvhDZbVoNg\n曲名：\"The Girl In the Woods, She Is Your Destiny\"\n作者：Mustafa Avşaroğlu\n成曲时间：2020年1月\n其他：Produciton Music。All Rights Reserved。	
【纪录片配乐／正能抒情／钢琴+弦乐组】e-soundtrax - Emotional	https://www.bilibili.com/video/BV1Dp4y1U7Ec	纪录片配乐／正能抒情／钢琴+弦乐组	http://i1.hdslb.com/bfs/archive/d48fc4327d03bd40448d62ec5fc45f7352b6f516.jpg	https://www.youtube.com/watch?v=1m6_8DwIQGo\n曲名：Emotional (a.k.a. \"Emotional Inspiring Piano And Strings\")\n作者：e-soundtrack\n成曲时间：2015年1月\n其他：Royal Free Music。使用须授权(https://audiojungle.net/item/emotional-inspiring-piano-strings/10100839\n)。该曲公共版目前收录于专辑《Beauty Ci	
【宣传片配乐／正能抒情／钢琴+吉他+弦乐组】Epidemic Sound (Francis Wells) - Sowing the Summer Barley	https://www.bilibili.com/video/BV1iz411e7YG	宣传片配乐／正能抒情／钢琴+吉他+弦乐组	http://i2.hdslb.com/bfs/archive/54070ec5e39c55396672e8c01cba099ee628472d.jpg	https://www.youtube.com/watch?v=_ufZolKqZBA\n曲名：Sowing the Summer Barley\n作者：Francis Wells\n成曲时间：2013年\n其他：Royal Free Music。由厂牌Epidemic Sound代理发行／授权。目前收录于公共专辑《Memory Sieve》当中，为专辑第03曲。	
【宣传片配乐／振奋／钢琴+弦乐组】Oakwood Music (Ciaran Birch) - Eye of the Beholder	https://www.bilibili.com/video/BV1nD4y1Q7qV	宣传片配乐／振奋／钢琴+弦乐组	http://i2.hdslb.com/bfs/archive/bfc8953f36d3ff8992cd1644327eb42548c19cea.jpg	曲名：Eye of the Beholder\n作曲：Ciaran M. Birch\n成曲时间：2012年10月\n其他：Production Music。All Rights Reserved。该曲由厂牌Oakwood Music代理授权。	
【Chillstep+Future Garage／唯美感伤／钢琴】Smokefishe - All A Day To Remember	https://www.bilibili.com/video/BV1nv411B7nJ	Chillstep+Future Garage／唯美感伤／钢琴	http://i2.hdslb.com/bfs/archive/332a2b912022c05081fcf26d5c644fadd3a264d3.jpg	曲名：All A Day To Remember\n作者：Smokefishe\n视频使用插画：ajimita - \"-\"（pid=65835632）\n成曲时间：2017年3月\n其他：All Rights Reserved。	
【氛围新古典／沉静感伤／钢琴独奏】Enno Aare - Water Ripples	https://www.bilibili.com/video/BV1iC4y1a7Mo	氛围新古典／沉静感伤／钢琴独奏	http://i2.hdslb.com/bfs/archive/6374b9f5ab24f0773bc6ba1930bd3d80ced540a5.jpg	https://www.youtube.com/watch?v=dwNfWqxAjXE\n曲名：Water Ripples\n作曲／钢琴演奏：Enno Aare\n成曲时间：2016年下半年\n其他：该曲收录于2016年发布的EP专辑《Water Ripples》当中，为专辑中第03曲(目前仅Spotify依旧保留上架状态)，国内平台暂未引进。作者未对该曲的使用授权做明确说明，使用请联系作者或至少以CCL 4.0条款为底线，利己利人。	
【宣传片配乐／宏大振奋／钢琴+交响】Iros Young - Momentum	https://www.bilibili.com/video/BV1Mi4y1x7Ri	宣传片配乐／宏大振奋／钢琴+交响	http://i0.hdslb.com/bfs/archive/11c540333da37ef6a64db15d9885e2e9d1b7700d.jpg	https://www.youtube.com/watch?v=5mODUssZSgY\n曲名：Momentm\n作者：Iros Young\n成曲时间：2016年上半年\n其他：Royal Free Music。使用须授权。该曲目前收录于2019年发布的公共专辑《Beyond the clouds》当中，为专辑第09曲	
【史诗配乐／优美振奋／钢琴】MagicMusicStudio (Iros Young) - The Great River	https://www.bilibili.com/video/BV1yV411r7Lw	史诗配乐／优美振奋／钢琴	http://i0.hdslb.com/bfs/archive/c495d42e36e02a5c62f37264785186f1c250193b.jpg	https://www.youtube.com/watch?v=U0tX4myNUkI\n曲名：The Great River\n作者：Iros Young (real name \"Iroslav Mzhelskii\", also referred as \"Yaroslav Mjelsky\"), MagicMusicStudio为其个人工作室\n成曲时间：2015年10月\n其他：Royal Free Music。使用须授权。目前收录于2019年发布的公共专辑《Beyond the clouds》当中	
【纪录片配乐／细腻／钢琴+吉他+弦乐组】James Joshua Otto - Human	https://www.bilibili.com/video/BV1xz4y1975J	纪录片配乐／细腻／钢琴+吉他+弦乐组	http://i2.hdslb.com/bfs/archive/84c1332bff08ab1e39869ccebbc57f3767b353db.jpg	https://www.youtube.com/watch?v=ZcF8qzXVa2I\n视频制作：My Soul Your Beats\n曲名：Human\n作者：James Joshua Otto\n成曲时间：2020年6月\n其他：All Rights Reserved。使用须授权。	
【纪录片配乐／深沉优美／钢琴独奏】TheJRSoundDesign (Justus Rümenapp) - Missing You	https://www.bilibili.com/video/BV1NA411B7ok	纪录片配乐／深沉优美／钢琴独奏	http://i1.hdslb.com/bfs/archive/09728a1968731bfc0dca40fe83b6977016b995c8.jpg	https://www.youtube.com/watch?v=6ZS0aZYN37Y\n曲名：Missing You\n作者：Justus Rümenapp\n成曲时间：2019年1月\n其他：Royal Free Music。使用须授权。	
【纪录片配乐／当代古典／钢琴独奏】TheJRSoundDesign (Justus Rümenapp) - Moonlight	https://www.bilibili.com/video/BV175411W7pA	纪录片配乐／当代古典／钢琴独奏	http://i1.hdslb.com/bfs/archive/6573b4cae2681dd1222a7e09320831a777eb1f01.jpg	https://www.youtube.com/watch?v=QoPzDNGdwOM\n曲名：Moonlight\n作者：Justus Rümenapp (TheJRSoundDesign为Justus的个人工作室)\n成曲时间：2020年3月\n其他：Production Music。使用须购买授权。	
【抒情轻音／温柔治愈／钢琴独奏】DYATHON -  Willing To Love	https://www.bilibili.com/video/BV1uK411p7br	抒情轻音／温柔治愈／钢琴独奏	http://i1.hdslb.com/bfs/archive/0a7660801e82573ddc69d5fb4dd3ae76b6731e71.jpg	https://www.youtube.com/watch?v=7jVChj2ZAEE\n曲名：Willing to Love\n作者：DYATHON\n成曲时间：2017年5月\n其他：All rights reserved。使用请联系作者授权。该曲同时收录于单曲专辑《Willing To Love》和专辑《Serenity》当中(全11曲，此为第02曲)	
【节奏轻电／温柔浪漫／钢琴+吉他】DYATHON - You Are So Beautiful	https://www.bilibili.com/video/BV1GT4y1J7A1	节奏轻电／温柔浪漫／钢琴+吉他	http://i1.hdslb.com/bfs/archive/cf5ee6e68001fc69a96dc49febd58f01c05e9eb2.jpg	https://www.youtube.com/watch?v=3aX5Rt_PHxE\n曲名：You Are So Beautiful\n作者：DYATHON\n成曲时间：2013年10月\n其他：All Rights Reserved。使用请联系作者购买授权。	
【氛围极简／伤感／钢琴独奏】Broove - Saturday Session	https://www.bilibili.com/video/BV1Vk4y1z7rR	氛围极简／伤感／钢琴独奏	http://i1.hdslb.com/bfs/archive/44b65ba9e522d58127bc52ac97765c7528946fb2.jpg	https://www.youtube.com/watch?v=arGpF0Vjazw\n曲名：Saturday Session\n作者：Broove\n成曲时间：2017年9月\n其他：作者未对该曲授权做具体说明。使用请联系作者或者至少以CCL 4.0为基本底线，利己利人。\n另：我在1年半之前已经把该曲上传至虾米音乐 (https://emumo.xiami.com/song/1801344995)，故不再专门提供下载链接。	
【Vocal／正能温馨】tunnA Beatz - One Day (feat. Alex Marie Brinkley)	https://www.bilibili.com/video/BV1vz4y197Wx	Vocal／正能温馨	http://i2.hdslb.com/bfs/archive/4648507a3416070dacf88cb1b61cfa7b69e1bd30.jpg	曲名：One Day\n作者：tunnA Beatz\n演唱：Alex Marie Brinkley\n成曲时间：2017年上半年\n其他：Royal Free Music。使用须授权。视频部分为泰国人寿保险公司(Thai Life Insurance)的商业广告宣传片。	
【Jazz Hiphop／优美惬意／钢琴+萨管】Leehahn - Shoulders Of Giants (Instrumental)	https://www.bilibili.com/video/BV19g4y1i7wu	Jazz Hiphop／优美惬意／钢琴+萨管	http://i1.hdslb.com/bfs/archive/d589c524759f130cbc44bd09f7999d2df4ba4e36.jpg	曲名：Shoulders Of Giants (Instrumental)\n作者：리한(Leehahn)\n成曲时间：2014年2月\n其他：All Rights Reserved。使用请联系作者授权。	
【史诗配乐／宏大震撼】Matias Puumala - The Edge of Dreams	https://www.bilibili.com/video/BV1iz4y197Hf	史诗配乐／宏大震撼	http://i0.hdslb.com/bfs/archive/77571e381530a2e9ab54e6842f3a24dc1cd78eff.jpg	https://www.youtube.com/watch?v=HRu6ZVbAnvs\n曲名：The Edge of Dreams\n作者：Matias Puumala\n成曲时间：2020年1月\n其他：Production Music。使用须授权。	
【Chillstep+缓拍／唯美抒情／钢琴+提琴】Killigrew - Otherworld (Wayr Remix)	https://www.bilibili.com/video/BV1f54y1D7iu	Chillstep+缓拍／唯美抒情／钢琴+提琴	http://i2.hdslb.com/bfs/archive/de4b37a58705a3e6c251aa597ab55b49923ee621.jpg	https://www.youtube.com/watch?v=wW9YlsOokEg\n曲名：Otherworld (Wayr Remix)\n原曲作者：Killigrew\nRemixer：Wayr (real name \"Kanaio Shimi\")\n成曲时间：2020年5月\n其他：Remix比赛参赛作品。	
【节奏纯音／吉他Beats+轻电子／唯美正能】Feelo - Open Your Mind	https://www.bilibili.com/video/BV1iK4y1t7mG	节奏纯音／吉他Beats+轻电子／唯美正能	http://i1.hdslb.com/bfs/archive/1a06135fba86c84112caf83f5e420d2da07b1ce8.jpg	曲名：Open Your Mind\n作者：Feelø\n成曲时间：2015年或更早\n其他：Royal Free Music。使用须授权。	
【纪录片配乐／悠远细腻／钢琴+大提琴】Romain Paillot - Passage of Time (feat. Caroline Joy)	https://www.bilibili.com/video/BV1FK4y1b7F2	纪录片配乐／悠远细腻／钢琴+大提琴	http://i1.hdslb.com/bfs/archive/bb1752501800798da256ad635b983ddea0bfcb48.jpg	https://www.youtube.com/watch?v=K_7woz22Q68\n曲名：Passage of Time\n作者：Romain Paillot\n女声吟唱：Caroline Joy\n成曲时间：2018年上半年 (2019年12月发行公共版单曲)\n其他：Production Music。使用须授权。	
【东欧风Hiphop／吉他+双簧管／忧伤】Contrary Beats - No Hope For The Lost (feat. NikkiVshred)	https://www.bilibili.com/video/BV1Wz4y1d7xu	东欧风Hiphop／吉他+双簧管／忧伤	http://i1.hdslb.com/bfs/archive/292cf40e553892060e8b9977899937994ee343e9.jpg	曲名：No Hope For The Lost\n作者：Contrary Beats\n吉他演奏：NikkiVshred (a.k.a. \"Nichaeles V\" or \"Nikki V\")\n成曲时间：2013年11月\n其他：Royal Free Music。使用需购买授权。	
【节奏纯音／钢琴驰放／唯美温馨】小西裕太(Yota Konishi) - Warm Words	https://www.bilibili.com/video/BV1dK411H7ZN	节奏纯音／钢琴驰放／唯美温馨	http://i0.hdslb.com/bfs/archive/d2da91d2f42a1310128f36266bf35c39334e441a.jpg	https://www.youtube.com/watch?v=siLTov0AJJQ\n曲名：Warm Words\n作者：小西裕太(Yota Konishi)\n成曲时间：2009年8月\n其他：作者未对该曲的使用授权做明确说明。使用请联系作者本人或以Creative Commons License 4.0 (曾译\"创作共用性条款\"，现译\"知识共享许可协议\"，缩写为CCL或者CCPL)为基本底线，利己利人。	
【旅游宣传片配乐／和风驰放／钢琴+筱笛+日本筝】小西裕太(Yota Konishi) - Asian Breeze	https://www.bilibili.com/video/BV1g5411x7GM	旅游宣传片配乐／和风驰放／钢琴+筱笛+日本筝	http://i0.hdslb.com/bfs/archive/98bbbf30827125d3681397b36aeecd856ae78d17.jpg	https://www.youtube.com/watch?v=2WYE_18q874\n曲名：Asian Breeze\n作曲：小西裕太(Yota Konishi) (以工作室K-MUSICLIFE的名义)\n成曲时间：2012年12月\n其他：作者未对该曲的使用授权做明确说明。使用请联系作者本人或以Creative Commons License 4.0 (曾译\"创作共用性条款\"，现译\"知识共享许可协议\"，缩写为CCL或者CCPL)为基本底线，利己利人。	
【旅游宣传片配乐／和风驰放／日本筝+筱笛】小西裕太(Yota Konishi) - Japanology	https://www.bilibili.com/video/BV1uK411s7vY	旅游宣传片配乐／和风驰放／日本筝+筱笛	http://i1.hdslb.com/bfs/archive/4acb5baef9a3565671fe33dfee49cd631f8a416c.jpg	https://www.youtube.com/watch?v=bhVMb-tZSuY\n曲名：Japanology\n作者：小西裕太(Yota Konishi) (以工作室K-MUSICLIFE的名义)\n成曲时间：2012年9月\n其他：作者未对该曲的使用授权做明确说明。使用请联系作者本人或以Creative Commons License 4.0 (曾译\"创作共用性条款\"，现译\"知识共享许可协议\"，缩写为CCL或者CCPL)为基本底线，利己利人。	
【史诗配乐／钢琴+交响+吟唱／振奋悲壮】DTD Music (Mehmet Torcuk, Ryan Forrest) - Hero's Grit	https://www.bilibili.com/video/BV1z741147x3	史诗配乐／钢琴+交响+吟唱／振奋悲壮	http://i0.hdslb.com/bfs/archive/f861fe5a7f0371a8ae7019a2f72ad42f4f788c2a.jpg	https://www.youtube.com/watch?v=Ik9VzrdZ2uo\n曲名：Hero's Grit\n作曲：Mehmet Torcuk, Ryan Forrest\n成曲时间：2019年8月\n其他：All Rights Reserved。商业使用须授权，非商用使用请遵守CCL 4.0条款。	
【纯音配乐／民谣风大提琴／悠远宏大】Marcus Warner - Octavia (feat. Brione Jackson)	https://www.bilibili.com/video/BV1CJ411s7zC	纯音配乐／民谣风大提琴／悠远宏大	http://i0.hdslb.com/bfs/archive/afdaa0d78655294033b604d6bdd1efa7e5ce79f9.jpg	https://www.youtube.com/watch?v=vNzyr546Q_o\n视频制作：HDSoundI\n曲名：Octavia\n作者：Marcus Warner\n大提琴演奏：Brione Jackson\n其他：All Rights Reserved。该曲收录于Marcus Warner于2019年11月发布的个人EP专辑《Reprise》当中，为专辑第02曲。	
【纯音配乐／优美钢琴】竹内まりか(Marika Takeuchi) - Daydream	https://www.bilibili.com/video/BV1WJ411z7Ld	纯音配乐／优美钢琴	http://i2.hdslb.com/bfs/archive/e197e1a4b046b88fbe547ca7b79dfc7e46a3ad40.jpg	https://www.youtube.com/watch?v=SSY6Aj23i0k\n视频制作：HDSOUNDI\n曲名：Daydream\n作者：竹内まりか(Marika Takeuchi)\n发布日期：2019年11月28日\n其他：收录于竹内的EP专辑《Daydream》当中，为专辑第01曲。(https://marikatakeuchi1.bandcamp.com/album/daydream)	
【节奏纯音/钢琴Beats】ハイウィル(high-will) - あの夏、あの雨 (Piano Demo 2)	https://www.bilibili.com/video/BV1BE411h78d	节奏纯音/钢琴Beats	http://i2.hdslb.com/bfs/archive/fa186c282f6343721668c57126c32aaf16ada625.jpg	曲名：あの夏、あの雨 (Piano Demo 2)\n作者：ハイウィル(high-will)\n成曲时间：2010左右	
【Instrumental RAndB/钢琴Beats】Piano Bros - Kygo：This Town (Instrumental Cover)	https://www.bilibili.com/video/BV11E411h78D	Instrumental RAndB/钢琴Beats	http://i1.hdslb.com/bfs/archive/de4c69073239f3bc55a450c2790a0de2ffa1193e.jpg	曲名：This Town (Instrumental Cover) (原曲作者Kygo)\n改编、演奏：Piano Bros (实际为此兄弟2人组中的Gideon Ramcharan)\n视频制作使用插画：Rella - Hotaru (pid=64495434)\n其他：该曲的使用授权未做明确说明。如需使用请联系作者或者以CCL条款为标准。	
【Jazz Hiphop/和风Beats/节奏纯音】トゥモロービーツ(Tomorrowbeats) - 錦鯉～Nishikigoi～	https://www.bilibili.com/video/BV1jt411K7Er	Jazz Hiphop/和风Beats/节奏纯音	http://i2.hdslb.com/bfs/archive/9cb530cd7eb3338ba5cf0d2b8e8beef3bc3ce1f3.jpg	曲名：錦鯉～Nishikigoi～\n作者：トゥモロービーツ(Tomorrowbeats) (a.k.a. \"グリムジョー(Grimjoe)\")\n成曲时间：2016年\n其他：视频由由作者官方提供的免费无损音源自制。目前官方音源已绝版。	
【和风纯音／现代邦乐／优美轻音】ソニド·デル·ビエント(Sonido Del Viento) - 伊勢の國	https://www.bilibili.com/video/BV1kx411f7gu	和风纯音／现代邦乐／优美轻音	http://i1.hdslb.com/bfs/archive/cad75e0dd2c3dc770b00530b98e407d3c63d0dcb.jpg	曲命：伊勢の國\n作者：ソニド·デル·ビエント(Sonido Del Viento) (作曲者为该组合中的\"山本さとみ(Satomi Yamamoto)\")\n成曲时间：2016年\n其他：收录于\"ソニド·デル·ビエント(Sonido Del Viento)\"于2016年发布的专辑《風の音》当中，全砖共8曲，此为第05曲。	
【项目展示用配乐／优美纯音／钢琴+提琴】SaraoMusic (Stephen D. Lemaire) - Fast Motion	https://www.bilibili.com/video/BV1D4411F7RG	项目展示用配乐／优美纯音／钢琴+提琴	http://i1.hdslb.com/bfs/archive/532047289f067f871e78c3db208da98184c8bc5f.jpg	https://www.youtube.com/watch?v=T3_2QWocOfU\n曲名：Fast Motion\n作者：Stephen D. Lemaire\n成曲时间：2016年\n其他：收录于厂牌SaraoMusic的专辑《Really Motivational》当中，专辑编号SA045，工业版共77曲，公共版共16曲，此为专辑第02曲。	
【抒情轻音／悲伤／钢琴SOLO】藤島裕之(Hiroyuki Fujishima) - 抱擁	https://www.bilibili.com/video/BV1k4411F7n4	抒情轻音／悲伤／钢琴SOLO	http://i1.hdslb.com/bfs/archive/c51cc0115b1f8b35afe0256f5a685a64cda42d69.jpg	曲名：抱擁\n作者：藤島裕之(Hiroyuki Fujishima)\n成曲时间：2010年或更早\n其他：收录于2010年\"藤島裕之\"发布的个人专辑《君に伝えたいこと》当中，为专辑第10曲。官方购买网页：https://music.fansone.jp/tukiyonopiano/37002_22261	
【视频用和风配乐／世界融合】Butterfly Tea - Japan Niort Theme	https://www.bilibili.com/video/BV1j4411F7c2	视频用和风配乐／世界融合	http://i0.hdslb.com/bfs/archive/aa2b0be2df7027c93092dd20b0afa3e5cc0e25a6.jpg	曲名：Japan Niort Theme\n作者：Butterfly Tea (a.k.a. \"Light Elves Music\", real name \"Olivier Renouard\")\n成曲时间：2018年6月或更早\n其他：Royal Free Music。非商业使用请遵循CCL条款。Jamendo官方免费下载(MP3 VBR V2)及授权网页：https://www.jamendo.com/track/1581943/japan-niort-theme	
【钢琴纯音／ACG翻奏／治愈安静】Mugi Piano - Carole And Tuesday：The Loneliest Girl (Piano Cover)	https://www.bilibili.com/video/BV1Q4411w7ki	钢琴纯音／ACG翻奏／治愈安静	http://i0.hdslb.com/bfs/archive/c535cf3a31fca218f4c9cacb363fffa5c8a8099f.jpg	https://www.youtube.com/watch?v=KAzi1U2tgkA\n曲名：The Loneliest Girl (From \"Carole And Tuesday\")\n作者：Mugi Piano\n成曲时间：2019年5月\n其他：骨头社动画《卡洛儿与星期二》插入歌The Loneliest Girl钢琴版翻奏。	
【Instrumental RAndB／钢琴Beats／悲伤】Mister Business - Forever	https://www.bilibili.com/video/BV114411w7Ft	Instrumental RAndB／钢琴Beats／悲伤	http://i0.hdslb.com/bfs/archive/d2f2eed7d48efb22ec0600030bc8b0af83de2941.jpg	https://www.youtube.com/watch?v=hs-ZJUwwLw8\n曲名：Forever\n作者：Mister Business\n成曲时间：2019年5月\n其他：Royal Free Music。商业使用须授权(https://www.beatstars.com/beat/forever-2665205)，非商业使用请遵循CCL条款。	
【LoFi缓拍／唯美怀旧／慵懒迷幻】Hanto - Quelque Part Là Haut	https://www.bilibili.com/video/BV1Gx41197d6	LoFi缓拍／唯美怀旧／慵懒迷幻	http://i0.hdslb.com/bfs/archive/c5ff55d87c6cdf56d52aa2dd04106bc9d4a2fa3d.jpg	https://www.youtube.com/watch?v=OuCeM8XWoZQ\n曲名：Quelque Part Là Haut\n作者：Hanto\n成曲时间：2015年12月\n原始采样：\"Thievery Corporation - Le Coeur (feat. Lou Lou Ghelichkhani)\"	
【史诗配乐／振奋】Kevin Adams - Valor	https://www.bilibili.com/video/BV1vx411X79S	史诗配乐／振奋	http://i0.hdslb.com/bfs/archive/64871dbc0287c192941cce952a5cc9a5f11b46b7.jpg	https://www.youtube.com/watch?v=ijm6kjlQtJs\n曲名：Valor\n作者：Kevin Adams\n成曲时间：2017年9月\n其他：Royal Free Music，使用须授权 (https://audiojungle.net/item/valor/20458972)。该曲另有公共版出售，iTunes等数字网店可购买(不含授权)。	
【史诗配乐／正能宏大】Christophe Le Guen - Dreams of Child	https://www.bilibili.com/video/BV1ex411X7Qp	史诗配乐／正能宏大	http://i1.hdslb.com/bfs/archive/f650a45fc3622507ccbdebd460f7890959ae2c45.jpg	https://www.youtube.com/watch?v=RaWE2oGYsbk\n曲名：Dreams of Child\n作曲：Christophe Le Guen\n成曲时间：2017年6月\n视频使用插画：Antoine Collignon - Circles\n其他：作者未对该作品的使用授权做明确说明。请在使用前联系作者。	
【Chillhop／视频用纯音配乐／悠闲惬意】Resotone - Just Let Me Down	https://www.bilibili.com/video/BV1zx41197Lw	Chillhop／视频用纯音配乐／悠闲惬意	http://i0.hdslb.com/bfs/archive/fb8656b4466f1b116e724952645a7f12470ae895.jpg	https://www.youtube.com/watch?v=4uWS-9vHlj0\n曲名：Just Let Me Down\n作者：Restone\n成曲时间：2019年5月。	
【纯音配乐／悲伤／钢琴+提琴】Audio Network (Julie Cooper) - Falling In Air	https://www.bilibili.com/video/BV1zx41197jx	纯音配乐／悲伤／钢琴+提琴	http://i0.hdslb.com/bfs/archive/b8dae3143e254254e70217d531eb9bbd78c795b5.jpg	https://www.youtube.com/watch?v=kgcOvz76eV8\n曲名：Falling In Air\n作曲：Julie Alison Cooper\n成曲时间：2019年上半年\n视频制作：HDSoundI\n其他：Production Music，使用须授权。该曲收录于厂牌Audio Network的工业专辑《SYMPHONIC SKIES》当中，专辑编号ANW3218，目前暂无公共版。	
【宣传片配乐／宏大悠远／女声吟唱】Judah Earl - Becoming	https://www.bilibili.com/video/BV1D4411P7M9	宣传片配乐／宏大悠远／女声吟唱	http://i0.hdslb.com/bfs/archive/3021752ebf415ee41afd50dbb7163eedced37fab.jpg	https://www.youtube.com/watch?v=IcE6ztxi9iE\n曲名：Becoming\n作者：Judah Earl\n成曲时间：2017年末\n其他：收录于Judah Earl于2018年发行的EP专辑BECOMING当中，为专辑第03曲。该曲在BANDCAMP另有单曲版本出售。	
【宣传片配乐／振奋】Mark Willott - True To The Game	https://www.bilibili.com/video/BV1s4411H7qh	宣传片配乐／振奋	http://i1.hdslb.com/bfs/archive/dd4393ee3266cc40ce22c0e274366feb04430c83.jpg	https://www.youtube.com/watch?v=H2r4TjHxv7I\n曲名：True to the Game\n作者：Mark Willott\n成曲时间：2007年\n其他：曾作为NBA 2007季后赛官宣配乐之一。	
【史诗配乐／摇滚战歌】DTD Music (Mehmet Torcuk) - Indestructible	https://www.bilibili.com/video/BV1N4411J7xG	史诗配乐／摇滚战歌	http://i2.hdslb.com/bfs/archive/e2042e6edd66bcc48dac226147e1d435b57ed549.jpg	https://www.youtube.com/watch?v=j0amc_WFSKw\n曲名：Indestructible\n作曲：Mehmet Torcuk\n成曲时间：2018年12月	
【韩系淡曲／抒情钢琴】Neal K - 星のメロディー／Melody Of The Stars	https://www.bilibili.com/video/BV1S4411Y7Wq	韩系淡曲／抒情钢琴	http://i2.hdslb.com/bfs/archive/4660b9f5d7b985c1ae9b13e611ea1341a7e54584.jpg	https://www.youtube.com/watch?v=tAdUIvcsl6c\n曲名：星のメロディー／Melody Of The Stars\n作者：Neal K\n成曲时间：2019年5月\n其他：Some Rights Reserved。作品使用请遵循CCL条款。	
【纯音配乐／优美钢琴／悲伤】Efisio Cross - Can I Keep You	https://www.bilibili.com/video/BV1m4411Y7Dt	纯音配乐／优美钢琴／悲伤	http://i2.hdslb.com/bfs/archive/faf8d3508fb2d704b9c6fcd314bc289787e6250e.jpg	https://www.youtube.com/watch?v=Fa21io4kcNg\n曲名：Can I Help You\n作者：Efisio Cross\n成曲时间：2019年5月\n其他：作者未明确授权使用许可，相关事宜请联系作者，如果无法联系请务必以CCL条款为底线，利己利人。	
【韩系淡曲／抒情钢琴／安静治(致)愈(郁)】BigRicePiano - The Heart's Tale	https://www.bilibili.com/video/BV184411x7Yy	韩系淡曲／抒情钢琴／安静治(致)愈(郁)	http://i1.hdslb.com/bfs/archive/c34029094c1be954ceadb4c5c545389e26e49f4b.jpg	https://www.youtube.com/watch?v=y5wo_08Tlqo\n曲名：The Heart's Tale\n作者：BigRicePiano\n成曲时间：2017年5月\n其他：作者未明确使用授权，一切相关事宜请联系作者，如无法联系作者请以CCL条款为底线，利己利人。	
【史诗配乐／振奋磅礴】DTD Music (Mehmet Torcuk) - A Hero's Return	https://www.bilibili.com/video/BV1t4411x7q8	史诗配乐／振奋磅礴	http://i2.hdslb.com/bfs/archive/db8b06b87e4680cc67bf8a8557fd0310800dc52f.jpg	https://www.youtube.com/watch?v=iasqGKnIHWY\n曲名：A Hero's Return \n作曲：Mehmet Torcuk\n成曲时间：2019年4月\n其他：为即将发布的个人专辑《The Dark Order》当中第15曲。	
【纯音配乐／氛围钢琴／优美空灵】BigRicePiano - Clouds	https://www.bilibili.com/video/BV1b4411x7Fs	纯音配乐／氛围钢琴／优美空灵	http://i1.hdslb.com/bfs/archive/d5d5534ff6f3b87e234e71e93132f94882ca32a6.jpg	https://www.youtube.com/watch?v=eb403rRmaGw\n曲名：Clouds (云海)\n作者：BigRicePiano\n成曲时间：2019年2月\n作者说明：\"Somewhere in this vastness, I will find your skyblue portrait...\"\n其他：作者未明确使用授权，相关事宜请联系作者，如无法联系作者请务必以CCL条款为底线，利己利人。	
【史诗吟唱／磅礴振奋】Jean-Gabriel Raynaud - Skyrim: Discworld Mod Main Theme	https://www.bilibili.com/video/BV1b4411x7Ld	史诗吟唱／磅礴振奋	http://i0.hdslb.com/bfs/archive/b967c96256b2c7582e340efe2d52bd0eed050ee6.jpg	https://www.youtube.com/watch?v=0_t4vDfDTzM\n曲名：Skyrim: Discworld Mod Main Theme (Intro Credits) (feat. Salomé Perli)\n作者：Jean-Gabriel Raynaud\n小提琴Solo演奏：Salomé Perli\n成曲时间：2015年12月\n其他：该曲为Jean-Gabriel Raynaud为游戏《上古卷轴：天际》的玩家MOD：DISCWORLD所制作的Intro Credits主旋律。	
【韩系淡曲／安静忧伤／钢琴+雨声】BigRicePiano - The Sound of Rain	https://www.bilibili.com/video/BV1nb411L7hx	韩系淡曲／安静忧伤／钢琴+雨声	http://i1.hdslb.com/bfs/archive/1333ef4ff5aac1300d2a469cf29a929a14880e76.jpg	https://www.youtube.com/watch?v=R9Y3-PxiD7s\n曲名：The Sound of Rain\n作者：BigRicePiano\n成曲时间：2017年8月\n其他：作者未对作品使用作具体说明。在使用时请以CCL条款为底线。	
【实用配乐：项目展示／正能积极】James Attanasio - Awakening	https://www.bilibili.com/video/BV1Eb411L7mX	实用配乐：项目展示／正能积极	http://i2.hdslb.com/bfs/archive/b03ddae3899e236fb7053a1d50cded9b43a474e3.jpg	https://www.youtube.com/watch?v=UCU6xjoNzDs\n曲名：Awakening\n作者：James Attanasio\n其他：Royal Free Music。使用须授权。目前该曲在部分数字网店有公共版出售(仅音频不包含授权)	
【史诗配乐／磅礴悲壮】Matt Sunny - Forgotten Fairytales	https://www.bilibili.com/video/BV1Jb411L7Tu	史诗配乐／磅礴悲壮	http://i2.hdslb.com/bfs/archive/583941ef78eec2919621122e842db07bfeb3ecd2.jpg	https://www.youtube.com/watch?v=BWP895j6rlk\n曲名：Forgotten Fairytales\n作者：Matt Sunny\n视频制作：Epic Music World (Youtube Channel)\n其他：Producition Music。使用须授权。	
【纪录片配乐／欧洲民谣怀古／竖琴+长笛】Julie Cooper - This Is My Story	https://www.bilibili.com/video/BV1pb411L71r	纪录片配乐／欧洲民谣怀古／竖琴+长笛	http://i0.hdslb.com/bfs/archive/27728d422ea882aeef07ba9fa0125c38e5b8a190.jpg	https://www.youtube.com/watch?v=Trij2XOKu70\n曲名：This Is My Story\n作者：Julie Cooper (全名 Julie Alison Cooper)\n其他：收录于厂牌KPM Music的专辑《WHERE THE WATER FLOWS》(专辑编号KPM0654)当中，目前该专辑有公共数字版(30曲版本，乐库工业版为95曲)在各大数字音乐网站出售。	
【优美纯音／吉他Beats／清新惬意】FREE BEATS - I Wouldn't Mind	https://www.bilibili.com/video/BV1Zb411M7ih	优美纯音／吉他Beats／清新惬意	http://i1.hdslb.com/bfs/archive/e8a949b8c31465559bb5cd0c831f189342566d61.jpg	https://www.youtube.com/watch?v=n0TrVnVH5ZQ\n曲名：I Wouldn't Mind\n作者：FREE BEATS\n原始采样：He Is We - I Wouldn't Mind (Instrumental)\n成曲时间：2014年6月\n其他：作者未对该曲使用授权作明确要求，请使用者以CCL条款作为底线，利己利人。	
【纯音伴奏／吉他Beats／优美抒情】Myrd Schenk - Crashing Waves (Instrumental)	https://www.bilibili.com/video/BV1ob411g7hj	纯音伴奏／吉他Beats／优美抒情	http://i1.hdslb.com/bfs/archive/294bc83e30834a2bca184c10cb87fcf36e36fe8e.jpg	https://www.youtube.com/watch?v=iVxRC24NNno\n曲名：Crashing Waves (Instrumental)\n作者：Myrd Schenk (a.k.a. \"MyracleHipHop\" and \"MerlinBeats\")\n成曲时间：2018年1月\n其他：使用请联系作者授权。	
【史诗配乐／女声吟唱／振奋磅礴】DTD Music (Mehmet Torcuk) - Colors Of Love	https://www.bilibili.com/video/BV1Ab411s7Hz	史诗配乐／女声吟唱／振奋磅礴	http://i1.hdslb.com/bfs/archive/8dcecf3a9574760cc55ec3b1d03d1ba877a6eb97.jpg	https://www.youtube.com/watch?v=08nxBQrrWPw\n曲名：Colors of Love\n作曲：Mehmet Torcuk (DTD Music (Dawn Till Doom Music) 为其个人工作室)\n成曲时间：2019年3月\n其他：为即将发布的个人专辑《The Dark Order》当中第13曲。	
【韩系淡曲／钢琴SOLO】Tido Kang - To You Who Laugh Even Though You Are Sad	https://www.bilibili.com/video/BV1wb411t7Nq	韩系淡曲／钢琴SOLO	http://i2.hdslb.com/bfs/archive/75f61ea9188da31860cf21376bd489740b49d100.jpg	https://www.youtube.com/watch?v=GLVw3t4G5Hc\n曲名：슬퍼도 웃는 너에게／To You Who Laugh Even Though You Are Sad／致在悲伤中展露笑颜的你\n作者：시도 강(Tido Kang)\n成曲时间：2018年2月\n其他：收录于Tido Kang的个人专辑《Melody In My Heart》当中，为专辑第10曲。	
【八音盒／优美治愈】Lucas King - The Last Leaf Falls (Music Box)	https://www.bilibili.com/video/BV1Vb411n7MZ	八音盒／优美治愈	http://i1.hdslb.com/bfs/archive/71ac71a635a377b7ab4188d21c61d9ec5198f8f3.jpg	https://www.youtube.com/watch?v=866L5NVhG6U\n曲名：The Last Leaf Falls (Music Box)\n作者：Lucas King\n成曲时间：2015年4月\n其他：由Lucas King本人创作的钢琴曲The Last Leaf Falls改编而来。目前已经发布的正式专辑均未收录该曲。	
【韩系纯音／流行钢琴】Duggy - Endless Love	https://www.bilibili.com/video/BV13b411n7Ar	韩系纯音／流行钢琴	http://i0.hdslb.com/bfs/archive/ee1a807be803164618939cf3380c2ee5aa39cf02.jpg	https://www.youtube.com/watch?v=W5TZh14AiIU\n曲名：Endless Love\n作者：Duggy\n成曲时间：2017年7月\n其他：合作事宜请联系作者。作用使用尺度请参考CCL条款。	
【日系钢琴／典雅恬静】BGM Maker - 朝に聴きたい、爽やかな癒しの音楽～綺麗なピアノの旋律でリラックス	https://www.bilibili.com/video/BV1Ub411J7kL	日系钢琴／典雅恬静	http://i0.hdslb.com/bfs/archive/da4967b84d11c272f3ef38392946df4be83ea2b8.jpg	https://www.youtube.com/watch?v=QszMHvzYI1c\n曲名：无\n作曲：BGM Maker\n成曲时间：2017年12月	
【舞台剧配乐／民谣风／二胡+钢琴】秋山裕和 - いつかの大地へ（feat. 中川えりか)	https://www.bilibili.com/video/BV1Sb411J7Ah	舞台剧配乐／民谣风／二胡+钢琴	http://i1.hdslb.com/bfs/archive/818d82126604f578d2770fc6c9e7038087c666f8.jpg	https://www.youtube.com/watch?v=7w2oJu-yy6I\n曲名：いつかの大地へ\n作曲：秋山裕和(Hirokazu Akiyama)\n二胡演奏：中川えりか(Erika Nakagawa)\n官方发布时间：2017年1月 (实际成曲时间应该在2016年下半年)\n其他：曾作为日本剧团「熱血天使」的企画公演「ヒミコ」的主题曲。目前为秋山裕和的个人音乐素材网站 h/mix 所提供的免费音乐素材，使用尺度遵循CCL条款。	
【八音盒／优美悲伤】R3 Music Box - Mad Father: Layalty (Music Box Arrangement)	https://www.bilibili.com/video/BV1ob411J7Sh	八音盒／优美悲伤	http://i1.hdslb.com/bfs/archive/20c15a8be5c02c2fd560f81b781bb4247924ba71.jpg	https://www.youtube.com/watch?v=TaSDL5OaA5c\n曲名：Mad Father: Layalty (Music Box Arrangement)\n制作：R3 Music Box\n成曲时间：2018年1月\n其他：原曲\"甘茶の音楽工房(Music Atelier Amacha) - チャイコフスキー風の旋律\"。该曲为日本民间素材音乐网站\"甘茶の音楽工房\"所提供的免费音乐素材，曾被游戏《狂父》采用为配乐，同时也是该游戏人物的Maria的粉丝向同人歌曲Loyalty的伴奏	
【史诗配乐／悲壮】8Dawn (Troels B. Folmann) - Don't Leave Me	https://www.bilibili.com/video/BV18b411v7FJ	史诗配乐／悲壮	http://i2.hdslb.com/bfs/archive/d209259310b4575959e8dc3cfc51edfb88806678.jpg	https://www.youtube.com/watch?v=chqos7PkF_4	
【正能配乐／独立／后摇】The 126ers - Wish You'd Come True	https://www.bilibili.com/video/BV1mb411q7fc	正能配乐／独立／后摇	http://i1.hdslb.com/bfs/archive/e81f145224b3e4ad71767ada7143262f079c5b44.jpg	https://www.youtube.com/watch?v=FscDnS6xBSw\n曲名：Wish You'd Come Ture\n作者：The 126ers\n成曲时间：2014年或更早\n其他：Royal Free Music。该曲由Youtube Audio Library免费授权给所有Youtube视频稿件制作者使用。	
【电子流行／Mashup Vocal】Trademark - Pop It Off (2017 Mashup)	https://www.bilibili.com/video/BV1Rb411q78o	电子流行／Mashup Vocal	http://i0.hdslb.com/bfs/archive/8d28575c7bd261cc5a1348f643adf1025db49e63.jpg	https://www.youtube.com/watch?v=Gb0xyCUf7SE\n曲名：Pop It Off (2017 Mashup)\nProducer：Trademark\n成曲时间：2017年12月	
【纯音配乐／钢琴／深沉优美】Jordan K. Rees - Hickory Dickory	https://www.bilibili.com/video/BV19b411q7z8	纯音配乐／钢琴／深沉优美	http://i0.hdslb.com/bfs/archive/3dbcfe0e29207d6620d6ee904ae07a5f36a4d96d.jpg	https://www.youtube.com/watch?v=XfGM0e7uZPc\n曲名：Hickory Dickory\n作者：Jordan K. Rees\n成曲时间：2015年上半年\n其他：Production Music。使用需授权。该曲收录于厂牌Velvet Music的专辑《TIME 2》当中，由Extreme Music代理授权／发行。目前该专辑在部分平台(有公共版出售。\n相关：曾作为配乐被电影《芳华》、剧集《The Shannara Chronicles (Season Finale)》宣	
【钢琴纯音／优美系Beats／温馨浪漫】Zitrox Beats - If You Knew (1080P)	https://www.bilibili.com/video/BV1Eb41187DU	钢琴纯音／优美系Beats／温馨浪漫	http://i2.hdslb.com/bfs/archive/e22d57a77a0613f682d5019b868fa1d0c89e3ad4.jpg	https://www.youtube.com/watch?v=wx2nEtYhxa4\n曲名：If You Knew\n作者：Zitrox Beats\n成曲时间：2014年6月\n其他：Royal Free Music。使用须授权。目前该曲收录于Zitrox Beats的个人专辑《No Music, No Life Beats Vol.3》当中，可通过部分数字音乐网店购买无水印音频(itunes等)，但不包含授权。\n备注：原视频的音轨是有水印的，我重新用无水印音频进行了封装上传。	
【史诗配乐／燃系战斗／女声吟唱】りょうし(Ryoshi) - 暁ノ寅刻 ～AKATSUKI～	https://www.bilibili.com/video/BV1bb411a7ak	史诗配乐／燃系战斗／女声吟唱	http://i1.hdslb.com/bfs/archive/3ff09a884ec36fbf530da2497f1297dfd99421f1.jpg	https://www.youtube.com/watch?v=QWdwrfxspxo\n视频制作：My Soul Your Beats\n曲名：暁ノ寅刻 ～AKATSUKI～／DAWN\n作者：りょうし(Ryoshi)\n成曲时间：2019年1月\n其他：all rights reserved。使用需授权。官方购买网页：https://ryoshi.bandcamp.com/track/akatsuki-dawn	
【韩系淡曲／钢琴轻音】Tido Kang - Inevitability	https://www.bilibili.com/video/BV11b411h7Sv	韩系淡曲／钢琴轻音	http://i1.hdslb.com/bfs/archive/6ccd5fe3633feae83b0e6166e24aba9253074452.jpg	https://www.youtube.com/watch?v=nEJjydTh98E\n作者：Tido Kang\n曲名：필연／Inevitability\n成曲时间：2018年11月\n其他：目前该曲未收录于作者正式发行的专辑/单曲中，仅在YOUTUBE提供试听。	
【国风纯音／优美轻电】Seo Spect, Neal K - Origin	https://www.bilibili.com/video/BV12b411h7jK	国风纯音／优美轻电	http://i0.hdslb.com/bfs/archive/79d883c76124ba2a247b8e83ae150cee5178ec08.jpg	https://www.youtube.com/watch?v=QzCzmcK_Z2g\n曲名：Origin\n作者：Seo Spect, 닐케이(Neal K)\n成曲时间：2018年12月\n其他：合作事宜请联系作者，任何未经专门授权的使用请务必以创作共用授权条款(Creative Commons license)为基本底线。	
【Instrumental Hiphop／优美中国风Beats】JF Beats - Carried By Sea	https://www.bilibili.com/video/BV1eb411S7QY	Instrumental Hiphop／优美中国风Beats	http://i0.hdslb.com/bfs/archive/d16e428e8c1d0e444283e7eb79db64374c39c655.jpg	https://www.youtube.com/watch?v=j8EMKdR7JjU\n曲名：Carried By Sea\n作者：JF Beats\n成曲时间：2013年9月\n其他：Royal Free Music，使用须授权。该曲于2018年在部分数字音乐平台发布过公共版(Carried by Sea (Oriental Rap Beat Mix))，但音频带水印，不建议购买。	
【韩系钢琴／忧伤淡曲】Neal K - Fox Rain	https://www.bilibili.com/video/BV16b411S7xG	韩系钢琴／忧伤淡曲	http://i2.hdslb.com/bfs/archive/4c1c36458cb58c9a159712eb4a26d4767033cf73.jpg	https://www.youtube.com/watch?v=dtnx2dJ5ITY\n(B站投稿标题竟然不能包含韩文？！！！！)\n曲名：여우비 (Fox Rain)\n作者：닐케이(Neal K)\n成曲时间：2017年7月\n其他：作品使用尺度基于Creative Common License 4.0条款。\n官方音频购买网页：https://www.mapianist.com/board/music/18062\n官方曲谱购买网页：https://www.mapianist.com/board/music/1	
【纯音配乐／钢琴驰放／温馨正能】relaxdaily - N°072	https://www.bilibili.com/video/BV1Xb411U7dR	纯音配乐／钢琴驰放／温馨正能	http://i1.hdslb.com/bfs/archive/b47cff934369f6752fbea4edf407621903af764f.jpg	https://www.youtube.com/watch?v=BdgxbKiizZE\n曲名：N°072\n作曲：Michael Fesser (relaxdaily为M. Fesser的个人音乐Project)\n成曲时间：2013年\n其他：正式收录于M. Fesser以relaxdaily名义发布的专辑《Season 2》当中。ITUNES, 7DIGITAL正版有售。	
【正能纯音／独立／后摇】こまがたひろゆき(Hiroyuki Komagata) - Garden	https://www.bilibili.com/video/BV1nb411z7EW	正能纯音／独立／后摇	http://i2.hdslb.com/bfs/archive/c87001d131250ca341fe23e38f0997c38d054fcc.jpg	https://www.youtube.com/watch?v=1ezgIa0uJVs\n曲名：Garden\n作者：こまがたひろゆき(Hiroyuki Komagata)\n成曲时间：2013年\n其他：收录于厂牌Force Records于2017年为Hiroyuki Komagata发布的个人EP专辑《GARDEN》当中，专辑编号FORCE013，全砖3曲，此为第01曲。专辑推广下载(MP3 320K，请勿滥用)：http://tieba.baidu.com/p/6028087386，另：ITUNES, B	
【史诗配乐／Epic Dubstep】Niklas Johansson - Highlander Droid	https://www.bilibili.com/video/BV1ob411C7zM	史诗配乐／Epic Dubstep	http://i2.hdslb.com/bfs/archive/4d5a0bffc239b025d55670bd70d5c4ba33f48ad4.jpg	https://www.youtube.com/watch?v=2hCOdhSH7kw\n视频制作：Alrota Music\n曲名：Highlander Droid\n作曲：Niklas Johansson\n成曲时间：2017年6月左右\n其他：罐头音乐(Royal Free Music)，使用须购买授权。	
【抖腿纯音／电子摇滚】Sideburns - SuperVILLAIN (Instrumental)	https://www.bilibili.com/video/BV1Qt411476o	抖腿纯音／电子摇滚	http://i2.hdslb.com/bfs/archive/5cca790bf65810703e6e3b2a8248e68a1d394eb8.jpg	https://www.youtube.com/watch?v=OfXuwh9WwY8\n曲名：SuperVILLAIN (Instrumental)\n作曲：Sideburns (a.k.a. \"Viks Sideburns\")\n成曲时间：2014年5月	
【纯音配乐／伤感／新古典钢琴+大提琴】Josh Kramer - Where the Light Goes (feat. Tina Guo)	https://www.bilibili.com/video/BV1it41147zP	纯音配乐／伤感／新古典钢琴+大提琴	http://i2.hdslb.com/bfs/archive/95b85d9946152555e738a0f31babfc9edcf34a57.jpg		
【史诗配乐／宏大壮丽】Fox Sailor - Immortality	https://www.bilibili.com/video/BV1St411H7aA	史诗配乐／宏大壮丽	http://i0.hdslb.com/bfs/archive/cb5ed3ff16da74793d459fc033b4460c7d8f8d44.jpg	https://www.youtube.com/watch?v=AOdsZb8vq2c\n曲名：Immortality\n作曲：Fox Sailor (本名Adrien Jacques)\n成曲时间：2018年10月\n其他：收录于2018年发布的个人配乐专辑《Osiris》当中，全砖10曲，此为第08曲。All Rights Reserved，使用需授权。	
【纯音配乐／欧洲民谣／传奇怀古】Audio Network (Skaila Kanga, Chris Egan) - Celtic Dream	https://www.bilibili.com/video/BV1Lt411z7Zt	纯音配乐／欧洲民谣／传奇怀古	http://i1.hdslb.com/bfs/archive/94f228d0b2252efe6fd94ef4ea1b50e475d3ad3f.jpg	https://www.youtube.com/watch?v=zfA794lP_bU\n视频作者：My Soul Your Beats\n曲名：Celtic Dream\n作曲：Skaila Kanga, Chris Egan\n出处：厂牌Audio Network于2017年发布的工业专辑《Traditional Harp》(编号ANW2796) 当中第03曲。目前该专辑无公共版。\n其他：罐头音乐(Royal Free Music)，使用须授权。	
【史诗配乐／宏大振奋】Position Music (Danny Olson) - Horizon	https://www.bilibili.com/video/BV1wt411v74m	史诗配乐／宏大振奋	http://i0.hdslb.com/bfs/archive/5ac0860de5722a2c768cb3e83d58a444a02df145.jpg	https://www.youtube.com/watch?v=0l_VLm7eAKg\n曲名：Horizon\n作曲：Danny Olson (全名Daniel Austin Olson)\n出处：厂牌Position Music于2018年12月发行的Danny Olson个人砖《ELEMENTS》中第04曲\n其他：Production Music，使用须授权	
【抒情Vocal／Pop】Noctilucent - Unravel Me (feat. Tiffany Wiemken)	https://www.bilibili.com/video/BV1bt411e7rE	抒情Vocal／Pop	http://i2.hdslb.com/bfs/archive/bf7a6eb6245dde4c896cb575359d94eac4d1e650.jpg	https://www.youtube.com/watch?v=2bz58kDzNiE\n曲名：Unravel Me\n作曲：Noctilucent\n演唱：Tiffany Wiemken\n成曲时间：2015年8月	
【Vocal电音／抖腿DAndB】Camila Cabello, Grey - Crown (MYKOOL Remix)	https://www.bilibili.com/video/BV1Wt411i7Bg	Vocal电音／抖腿DAndB	http://i1.hdslb.com/bfs/archive/37e413fffe0593f25d271345af24519ae7330cc2.jpg	https://www.youtube.com/watch?v=_FuHZJhwWC4\n曲名：Crown (MYKOOL Remix)\n演唱 (Female Vocal)：Camila Cabello\n作曲：Camila Cabello, Grey (Kyle Trewartha, Michael Trewartha), Sarah Aarons\n原曲Producer：Gery (Kyle Trewartha, Michael Trewartha)\nRemixer：MYKOOL\n成曲时间：2018年5月	
【纯音配乐／史诗壮大】Melvin Tsui - Crossing The Return Threshold	https://www.bilibili.com/video/BV1ot411v7D3	纯音配乐／史诗壮大	http://i2.hdslb.com/bfs/archive/afc959220bbdd3bf689df693a196ae3077f57896.jpg	https://www.youtube.com/watch?v=K9CPlyvySZI\n视频制作：My Soul Your Beats\n曲名：Crossing The Return Threshold\n作者：Melvin Tsui\n成曲时间：2017年\n其他：收录于即将在2019年初由Melvin Tsui官方正式发布的第三张个人音乐专辑《THE HERO'S JOURNEY Act Ⅲ: Return》当中。All Rights Reserved，使用须授权。	
【纯音配乐／钢琴+弦乐组】Bytheway-May - Hope Of Men	https://www.bilibili.com/video/BV16t411q7yh	纯音配乐／钢琴+弦乐组	http://i2.hdslb.com/bfs/archive/25a1880f10e51a2b2b136e8d1026be8641c06ab6.jpg	https://www.youtube.com/watch?v=cq2nn7qk1LM\n曲名：Hope Of Men\n作曲：Bytheway-May (Brenden Bytheway, Doug May)\n出处：2015年发布的个人专辑《Daydream》当中第04曲。\n其他：all rights reserved。使用须授权。	
【纯音配乐／钢琴】Artlist (Ian Post) - Clarity	https://www.bilibili.com/video/BV1Ft411m7XP	纯音配乐／钢琴	http://i2.hdslb.com/bfs/archive/5fae2ea1ffaacf29c65f8fb69d63f9afa2330489.jpg	https://www.youtube.com/watch?v=UZUhe3pf3pg\n曲名：Clarity\n作者：Ian Post\n成曲时间：2016年左右\n出处：收录于Ian Post于2016发行的个人专辑《ETERNITY》当中，为专辑第01曲。\n其他：Royal Free Music，使用须授权(由Artlist代理)，官方参考网页：https://artlist.io/album/189/eternity	
【纯音配乐／软摇后摇／清新吉他】Youtube Audio Library (The 126ers) - The Bluest Star	https://www.bilibili.com/video/BV1ft41127jC	纯音配乐／软摇后摇／清新吉他	http://i1.hdslb.com/bfs/archive/ad426f1c3f09020035811db94be94aee2ff136a2.jpg	https://www.youtube.com/watch?v=w7i0o-4YVGc\n曲名：The Bluest Star\n作者：The 126ers\n成曲时间：2014年左右\n其他：Royal Free Music。该乐曲由Youtube Audio Libaray乐库授权提供给所有U2B视频内容的制作者免费使用。	
【纯音配乐／Orchestral Hiphop】West One Music (Jonathan B. Buchanan) - Man of Fire	https://www.bilibili.com/video/BV1Qt411m7hk	纯音配乐／Orchestral Hiphop	http://i2.hdslb.com/bfs/archive/2b7221dba12589469b65ac68f0936462f270e743.jpg	https://www.youtube.com/watch?v=QUGO90jsQJ4\n曲名：Man of Fire\n作曲：Jonathan B. Buchanan\n出处：收录于厂牌West One Music于2014年发布的专辑《URBAN STRINGS ＆ BEATS》(Catalogue No. WOM342)当中，目前该专辑在ITUNES等数字音乐网店有公共版出售。\n其他：Production Music，使用须授权	
【RAndB Piano Beats／浪漫温馨／伴奏】Anno Domini Beats - All the Little Things (Inst)	https://www.bilibili.com/video/BV1ib411c7PB	RAndB Piano Beats／浪漫温馨／伴奏	http://i0.hdslb.com/bfs/vc/i181108wsei62dbpa0ydw3d8v9a1zf6w_0015.jpg	https://www.youtube.com/watch?v=vEdjozq3Eec\n曲名：All the Little Things (Instrumental)\n作者：Anno Domini Beats\n成曲时间：2010年12月\n其他：Royal Free Music，使用须授权。该曲也被收录于Anno Domini Beats于2013年发布的公共专辑《Hip Hop Beats And Instrumentals Vol.1》当中	
【史诗配乐／燃系战斗】Soundmopi - Are We Free (World Of Warships Cinematic Trailer)	https://www.bilibili.com/video/BV1gb411P77h	史诗配乐／燃系战斗	http://i0.hdslb.com/bfs/vc/i181031ws3ucx1gb653cww2g1sxm815u_0009.jpg	https://www.youtube.com/watch?v=R2CrZRjM5ck\n视频剪辑：Rabinatoren\n曲名：Are We Free\n作者：Soundmopi\n成曲时间：2017年10月\n其他：Royal Free Music，使用须经授权。另外目前Soundmopi已经删除／下架了一切音乐销售的网页(包括Audiojungle的网页以及其他数字音乐网店中出售的公共版音频)。	
【Progressive Trance／清新欢快】Second Flight - Distance	https://www.bilibili.com/video/BV1Sb411A75f	Progressive Trance／清新欢快	http://i0.hdslb.com/bfs/vc/i181030ws3g3d5xuoc7eos371wp9ei4k_0014.jpg	https://www.youtube.com/watch?v=QxyyCbJpcMM\n曲名：Distance\n作者：Second Flight\n成曲时间：2017年2月	
【Chillstep／清新电子】Polarr, Resonance - Voiceless	https://www.bilibili.com/video/BV1Sb411A7G5	Chillstep／清新电子	http://i0.hdslb.com/bfs/vc/i181030wszyby0mera00h2wno5mqcdnm_0015.jpg	https://www.youtube.com/watch?v=_huEHFDTlQw\n视频制作：Sab FM World\n曲名：Voiceless\n作者：Polarr, Resonance\n发布时间：2018年1月\n其他：由厂牌Dreamscape Records代理发行，Bandcamp正版无损购买网页：https://dreamscape.bandcamp.com/track/voiceless	
【氛围钢琴／当代古典】小松正史(Masafumi Komatsu) - Reflection	https://www.bilibili.com/video/BV19b411N7Rd	氛围钢琴／当代古典	http://i0.hdslb.com/bfs/vc/i181029ws3ic5i9hfok00w143fxjqnjq_0022.jpg	https://www.youtube.com/watch?v=Q1hRQj_kP7k\n曲名：Reflection\n作者：小松正史(Masafumi Komatsu)\n其他：收录于小松正史于2009年发布的个人专辑《Life》当中，第06曲(全11曲)	
【史诗配乐／宏大振奋】Audio Network (Terry Devine-King) - Solar Orbiter	https://www.bilibili.com/video/BV16b411N7TK	史诗配乐／宏大振奋	http://i0.hdslb.com/bfs/vc/i181028tx1xrm1keoo0hzc3w3mhvwy01_0013.jpg	https://www.youtube.com/watch?v=SMRdw37Avrk\n视频制作：My Soul Your Beats\n曲名：Solar Orbiter\n作曲：Terry Devine-King\n出处：厂牌Audio Network于2018年发行的工业专辑《SUPERNOVA》(专辑编号ANW3019)中第02曲，目前该专辑无公共版。\n其他：Production Music，使用须授权。	
【氛围轻电／唯美纯音／女声吟唱】Anna B May - October	https://www.bilibili.com/video/BV1ib411N7U2	氛围轻电／唯美纯音／女声吟唱	http://i0.hdslb.com/bfs/vc/i181028txejf5m3myogc42ypctalqewq_0020.jpg	https://www.youtube.com/watch?v=jhiQE1yQEs4\n曲名：October\n作者：Anna B May\n成曲时间：2018年10月\n其他：商业使用请联系作者。	
【史诗配乐／交响战歌／女声吟唱】Sham Stalin - Leap Of Faith	https://www.bilibili.com/video/BV15b411N7p3	史诗配乐／交响战歌／女声吟唱	http://i0.hdslb.com/bfs/vc/i181027ws95nt1qsuuc3e2a2gk7mzvx7_0014.jpg	https://www.youtube.com/watch?v=efGjsUmPWs8\n曲名：Leap Of Faith\n作者：Sham Stalin\n成曲时间：2017年7月\n其他：商业使用须授权。	
【J-Pop Vocal／治(致)愈(郁)抒情】ナオ(nao;) - もしまた逢えたら (feat. なつみ(natumi))	https://www.bilibili.com/video/BV1nb411N7PC	J-Pop Vocal／治(致)愈(郁)抒情	http://i0.hdslb.com/bfs/vc/i181027tx27ts27pxkz0gc1c5jhkjpbb_0022.jpg	www.nicovideo.jp/watch/sm32453874\n曲名：もしまた逢えたら (mosi mata aetara)\n作曲、编曲、作词、动画制作、题字：ナオ(nao\")\n演唱：なつみ(natumi) (a.k.a. natumi_koloro)\n成曲时间：2017年12月\n其他：ナオ(nao\") 于2018年发行的个人专辑《nil admirari》中第03曲，OTOTOY、BOOTH等数字网店可购买正版无损音源，ITUNES可购买正版AAC音源。\n\n【歌词】\n散りばめた景色が色褪せてしまうよ	
【史诗配乐／磅礴振奋】Marcus Warner - All We Are	https://www.bilibili.com/video/BV1Pb411N7Z9	史诗配乐／磅礴振奋	http://i0.hdslb.com/bfs/vc/i181027wspnvto779n31w4lp83h2gotd_0022.jpg	https://www.youtube.com/watch?v=fGsU7QgJFQk\n曲名：All We Are\n作者：Marcus Warner\n成曲时间：2018年10月\n其他：收录于M W即将于11月份发行的个人专辑《39 Seconds》当中，目前尚未正式发行。商业使用须授权。	
【配乐／优美钢琴纯音】Backer Ruth (a.k.a. Bak.R) - Just Think	https://www.bilibili.com/video/BV17t411d7cZ	配乐／优美钢琴纯音	http://i0.hdslb.com/bfs/vc/i181024ws2rnql46xyr6sg3np5gn2k51_0008.jpg	https://www.youtube.com/watch?v=sN1fmLeFoC4	
【唯美纯音／节奏钢琴】Dummy Feelings - Under These Stars	https://www.bilibili.com/video/BV1dt411o7Qv	唯美纯音／节奏钢琴	http://i0.hdslb.com/bfs/vc/i181021ws82462impevik2nclmhalqio_0010.jpg	https://www.youtube.com/watch?v=4R52YxmRr0Q\n【关于视频】\nCloudyVibe频道音乐推广视频\n制作者：CloudyVibe\n\n【关于音频】\n曲名：Under These Stars\n作者：Dummy Feelings\n成曲时间：2017年8月	
【轻电子纯音／Chillstep／Melodic Dubstep】Wayr - Sleeping Forrest (Yirsi Remix)	https://www.bilibili.com/video/BV1Ut411d7G2	轻电子纯音／Chillstep／Melodic Dubstep	http://i0.hdslb.com/bfs/vc/i181019ws3f46bczsbuecs31vz6ssu5n_0018.jpg	https://www.youtube.com/watch?v=zdyTPJqGz0U\n【关于视频】\nYirsi官方音乐推广视频\n\n【关于音频】\n曲名：Sleeping Forrest (Yirsi Remix)\n作曲：Wayr\nRemixer：Yirsi\n成曲时间：2018年8月	
【Vocal／节奏电子／Synthwave】Audio Network (Julian Emery) - Synthetic Life	https://www.bilibili.com/video/BV1jt411f79a	Vocal／节奏电子／Synthwave	http://i0.hdslb.com/bfs/archive/319ff6b759b70710e0094adfa71b7f0884f18916.jpg	https://www.youtube.com/watch?v=KV6XksdotX8\n【关于视频】\nAudio Network厂牌推广视频\n\n【关于音频】\n曲名：Synthetic Life\n作曲：Julian Emery, James Hockley, Adam Noble\nProducer：Julian Emery\n女声演唱：Dana Jean Phoenix\n成曲时间：2018年5月\n其他：Production Music。厂牌Audio Network工业专辑Synthwave(编号：ANW29	
【配乐／正能节奏纯音】Cymatix - Restless	https://www.bilibili.com/video/BV1Pt411Z7ch	配乐／正能节奏纯音	http://i0.hdslb.com/bfs/archive/avsas_i181014tx125qtll58p11u36ed9sn89h_0011.jpg	https://vimeo.com/237727878\n【关于视频】\nTomas Nowack制作的宣传片《Hamburg - Zukunft baut auf Tradition KURZVERSION》\n\n【关于音频】\n曲名：Restless\n作者：Cymatix\n成曲时间：2016年左右\n其他：罐头音乐(Royal Free Music)，使用须购买授权(Licensing)。官方购买网页：https://www.premiumbeat.com/royalty-free-tracks/restles	
【和风轻电子／Vaporwave／优美纯音】Killi J - ASMR (高井氏と)	https://www.bilibili.com/video/BV17W411U7Ab	和风轻电子／Vaporwave／优美纯音	http://i0.hdslb.com/bfs/archive/c0e92298a416ce6ae88cc2dacb771f9563d6df2e.jpg	https://www.youtube.com/watch?v=muiUTP6u2fM\n【关于视频】\nFluidified音乐频道推广视频\n制作者：Fluidified\n\n【关于音频】\n曲名：ASMR (高井氏と)\n作者：Killi J (a.k.a. Julz From Above, 本名\"Jules Van Boven\")\n成曲时间：2016年9月\n风格：Synthwave, Vaporwave\n其他说明：非商业使用无须专门授权，但需具名来源(Properly Credited)	
【正能Trap／节奏电子／励志】Di Young - Listen To Your Heart (NC TRAP Release)	https://www.bilibili.com/video/BV1hW411m7YM	正能Trap／节奏电子／励志	http://i0.hdslb.com/bfs/archive/f59b9e23a98e9ea9b90a5521fe601d0a11b655dd.jpg	https://www.youtube.com/watch?v=h1KXgfcE3eQ\n【关于视频】\n厂牌No Copyright Trap (NC TRAP)官方音乐推广视频\n\n【关于音频】\n曲名：Listening to Your Heart\n作曲：Di Young (本名Dmitry Potemkin)\n成曲时间：2018年7月\n其他：使用无须专门授权，但来源需具名(Properly Credited)	
【配乐／优美钢琴纯音】bdProdutions - Dramatic And Uplifting Cinematic	https://www.bilibili.com/video/BV1hW411m799	配乐／优美钢琴纯音	http://i0.hdslb.com/bfs/archive/6001d2968bfb78a15940ff0306bf0c240be81e07.jpg	https://www.youtube.com/watch?v=CDnTY9KhYBc\n【关于视频】\nbdProductions官方推广视频\n\n【关于音频】\n曲名：Dramatic And Uplifting Cinematic\n作曲：bdProdutions\n成曲时间：2018年9月\n其他说明：Royal Free Music。使用需购买授权(https://audiojungle.net/item/dramatic-and-uplifting-cinematic/22495270)	
【节奏纯音／RAndB Piano Beats／伤感】Tower Beatz - Adios	https://www.bilibili.com/video/BV1gW411m7i9	节奏纯音／RAndB Piano Beats／伤感	http://i0.hdslb.com/bfs/archive/9e421dd9db8eb870ce68e8c16870ea8203addd7c.jpg	https://www.youtube.com/watch?v=IUTdltgyY-k\n【关于视频】\nTower Beats官方自制音乐推广视频\n\n【关于音频】\n曲名：Adios (西语\"再见, 一路平安\")\n作者：Tower Beats (本名Erick Torrez，秘鲁人)\n成曲时间：2014年8月份\n其他：罐头音乐。All Rights Reserved。使用需经作者授权(Licensing)。该曲另收录于2017年Tower Beats的个人数字版公共专辑《The Feeling Of Hip 	
【配乐／正能节奏钢琴】BeaTsGOy (a.k.a. KFireBeats) - To the Top	https://www.bilibili.com/video/BV1rW41197t2	配乐／正能节奏钢琴	http://i0.hdslb.com/bfs/archive/821b94e98610906abbf5b39f33dbb2f4e54119a0.jpg	https://www.youtube.com/watch?v=ubmrFqTOxcM\n【关于视频】\nBeaTsGOy (a.k.a. KFireBeats)官方音乐推广视频\n\n【关于音频】\n曲名：To the Top\n作曲／制作：BeaTsGOy (a.k.a. KFireBeats)\n成曲时间：2016年3月\n作品性质：Royal Free Music，使用须购买授权	
【Hiphop／优美抒情Beats／正能励志】J. Cook - The Greatest (feat. Josh Tiller)	https://www.bilibili.com/video/BV1dW411X7Xu	Hiphop／优美抒情Beats／正能励志	http://i0.hdslb.com/bfs/archive/6454de172e16f40dcfbd01960d856dd3232fe7e0.jpg	https://www.youtube.com/watch?v=jyKXaAHOvqU\n【关于视频】\nJ. Cook官方音乐推广视频\n\n【关于音频】\n曲名：The Greatest\n作曲：J. Cook\n演唱／说唱：J. Cook (Rap, Male Vocal), Josh Tiller (Female Vocal)\n风格：Hiphop\n作品性质：Royal Free Music，使用须购买授权(伴奏使用可联系作者购买音频和授权)	
【Vocal／Electro Pop】Motion Blur - They're Just Ghosts (feat. Peter Jessy)	https://www.bilibili.com/video/BV1CW411R7j8	Vocal／Electro Pop	http://i0.hdslb.com/bfs/archive/2f629ba8c34c765e65b94a591f237461562c361a.jpg	https://www.youtube.com/watch?v=IzbUSgZgNKI\n【关于视频】\n制作与发布：FreeMusicWave\n\n【关于音频】\n曲名：They're Just Ghosts\n作曲：Motion Blur (Chaz Hunter (a.k.a. \"Tazor\") and Danick Coutu (a.k.a. \"Apollo\" or \"Apollo Rising\"))\n演唱：Peter Jessy\n成曲时间：2017年11月\n\n【关于资源】\n官方购买(AAC)：https:	
【节奏纯音／钢琴／Instrmental RAndB】Dizzla D - Music Is My…	https://www.bilibili.com/video/BV12W411R77K	节奏纯音／钢琴／Instrmental RAndB	http://i0.hdslb.com/bfs/archive/e076bb114c87c5ebf4039be32d258a2f59f26e73.jpg	https://www.youtube.com/watch?v=O3tNRKOLsqk\n【关于视频】\nDizzla D官方音乐发布视频\n\n【关于音频】\n曲名：Music Is My…\n作者：Dizzla D\n风格：Instrumental RAndB\n性质：Royal Free Music，使用须购买授权\n\n【关于下载】\n官方不提供免费下载。\n对曲子感兴趣的同学请移步百度网盘 (非官方音源MP3 320K)\nhttps://pan.baidu.com/s/1AXM8FWuSXrBFx0HetZQTCQ	
【节奏纯音／Chill Hop】Gate - Howl's Moving Castle Theme (Remix)	https://www.bilibili.com/video/BV1mW411R75w	节奏纯音／Chill Hop	http://i2.hdslb.com/bfs/archive/dd2013d62d8908e5268e53af3ba9dad116b2faa6.jpg	https://www.youtube.com/watch?v=tbto2o2K5G8\n【关于音频】\n曲名：Howl's Moving Castle Theme (Gate Remix)\n作曲：久石譲(Joe Hisaishi)\nRemixer：문(Gate), a.k.a. \"Will Maccarthy\" and \"KMS\", real name \"김철민(Chul-Min Kim)\"\n风格：Chill Hop, Jazzy\n\n【关于资源下载】\n目前该曲官方的Soundcloud页面已经不再继续提供免	
【史诗流行／配乐】Tommee Profitt - Can't Hold Us Down (feat. Sam Tinnesz)	https://www.bilibili.com/video/BV1ps411g7eZ	史诗流行／配乐	http://i0.hdslb.com/bfs/archive/52e9bf7e46a211c13662ad4ff72d2e44b5a940ef.jpg	https://www.youtube.com/watch?v=kAB0aQ94GHM\n【关于视频】\nTommee Profitt官方音乐推广视频\n\n【关于音频】\n作曲：Tommee Profitt\n演唱：Sam Tinnesz\n发行时间：2018年7月\n出处：专辑《CINEMATIC SONGS VOL.4》第12曲	
【史诗抒情／壮美／钢琴+弦乐】AGsoundtrax (Adi Goldstein) - Tears Of Joy	https://www.bilibili.com/video/BV1As411P7Mc	史诗抒情／壮美／钢琴+弦乐	http://i2.hdslb.com/bfs/archive/f28d83a01819ee9530eb3e799f8f07be9c832f38.jpg	https://www.youtube.com/watch?v=YFR5GspA_9A\n【视频信息】\n影像来源：TESOPHOTOGRAPHY \n制作与发布：AGsoundtrax (Adi Goldstein)\n\n【音频信息】\n曲名：Tears Of Joy\n作者：AGsoundtrax (Adi Goldstein)\n成曲时间：2013年4月\n\n官方购买网页\n含授权：https://audiojungle.net/item/tears-of-joy/4479491\n不含授权：https://adigo	
【史诗流行／Vocal】Christian Reindl - Claim Your Weapons (feat. Atrel)	https://www.bilibili.com/video/BV1as411n7gG	史诗流行／Vocal	http://i0.hdslb.com/bfs/archive/3428d7048eede4e9ea2afc6b66a5a1a12ad5d1ae.jpg	https://www.youtube.com/watch?v=5EqdHxLoWFM\n【关于音频】\n曲名：Claim Your Weapons\n作曲：Christian Reindl\n女声：Atrel\n成曲时间：2015年1月\n出处：Christian Reindl个人专辑PhoeniX第02曲。在ITUNES另有该曲的单曲专辑。\n官方购买网页(不含授权)：https://christianreindl.bandcamp.com/album/phoenix\n其他：Royal Free Music。使用须	
【Royal Free Music／J-Pop Vocal】NASH MUSIC LIBRARY：和田直華(Aritaka Wada) - Treasures	https://www.bilibili.com/video/BV1as411n7Ea	Royal Free Music／J-Pop Vocal	http://i0.hdslb.com/bfs/archive/b33b15418f50073f921d44f6574d6d5ea86834b1.jpg	https://www.youtube.com/watch?v=NlLPO_CKbqk\n【关于音频】\n演唱：和田直華(Aritaka Wada)\n作词/作曲：ちゃみ(chami)\n编曲：海空志度\n出处：Nash Music Library于2013年发布的罐头音乐专辑 Happy Love Song (编号NSK706) 中第11曲 (https://www.nash.jp/fum/search/detailcollections/NSK-706)\n其他说明：Royal Free Music。Nash S	
【钢琴／史诗抒情】Stefano Mocini - Our Hope	https://www.bilibili.com/video/BV11s411p73U	钢琴／史诗抒情	http://i1.hdslb.com/bfs/archive/ccb89ff3c8a754e7c453dd8d69f2b8f9d4a6fa9c.jpg	https://www.youtube.com/watch?v=vsWgi5z7fXU	
【宏大／壮美／史诗】Magic Music Studio (Yaros Mjelsky) - The Great Unknown	https://www.bilibili.com/video/BV1ks411p7GA	宏大／壮美／史诗	http://i0.hdslb.com/bfs/archive/1bb067dacf7679816c007b559aaa2982e9848523.jpg	https://www.youtube.com/watch?v=svupb_axKPM\n【关于音频】\n曲名：Uplifting Emotional Cinematic Trailer (a.k.a. The Great Unknown)\n作曲：Yaros Mjelsky (a.k.a. Iros Young)\n成曲时间：2015年4月\n官方购买网页(含使用授权)：https://audiojungle.net/item/emotional-trailer/11172035\n其他说明：Royal Free 	
【悲壮／史诗／Vocal】End Of Silence × IMAscore (Andreas Kübler) - Where Do We Go	https://www.bilibili.com/video/BV1zs411p7gZ	悲壮／史诗／Vocal	http://i2.hdslb.com/bfs/archive/97974e9ee48254f8617b154eaa9393e4cc60d323.jpg	https://www.youtube.com/watch?v=tJEbHCVA0BI\n【关于视频】\n来源：U2B搬运\n原始制作／发布：Trailer Music World I\n\n【关于音频】\n曲名：Where Do We Go\n作曲：Andreas Kübler (from IMAscore)\n成曲时间：2016年11月\n出处：IMAscore的专辑《Kaleidoscope》，公共版(全10曲)第03曲。该专辑由厂牌End Of Silence代理发行。\n其他说明：Production Music。	
【振奋／史诗】Mattia Turzo - Selene	https://www.bilibili.com/video/BV1Bs411p7o1	振奋／史诗	http://i0.hdslb.com/bfs/archive/2c1737ca6be10dce92f8c9aaef422f238169feff.jpg	https://www.youtube.com/watch?v=KwAdheF60xQ\n【关于音频】\n曲名：Selene\n作曲：Mattia Turzo\n成曲时间：2017年1月\n其他说明：收录专辑待查。使用须授权。	
【悲壮／英雄主义／史诗】de-tune (Dirk Ehlert) - The Last Stand	https://www.bilibili.com/video/BV1Ys411p7Mn	悲壮／英雄主义／史诗	http://i0.hdslb.com/bfs/archive/a37c3bbc92322b04d8cfa7c483045e0623a3f590.jpg	https://www.youtube.com/watch?v=RuVtspQU_sM\n【关于视频】\n来源：U2B搬运\n原始制作／发布：My Soul Your Beats (MSYB)\n\n【关于音频】\n曲名：The Last Stand\n作曲：de-tune (本名Dirk Ehlert)\n成曲时间：2016年3月\n其他说明：Virtual Instrument罐头采样库模版使用展示DEMO曲。目前未正式发行。	
【振奋／磅礴／史诗】David Chappell - A Place In The Stars	https://www.bilibili.com/video/BV1hs411p7Kc	振奋／磅礴／史诗	http://i0.hdslb.com/bfs/archive/5c79e4259524c21e29c92dfa3754368323b2f0f4.jpg	https://www.youtube.com/watch?v=bW_6Y-yQgH8\n【关于视频】\n来源：U2B搬运\n视频制作／原始发布：Epic Music World\n\n【关于音频】\n曲名： A Place in the Stars\n作曲：David Chappell\n成曲时间：2017年7月\n官方购买网页(不含授权)：https://davidchappell.bandcamp.com/track/a-place-in-the-stars\n其他说明：Royal Free Music。使用须授权。	
【正能／激励／史诗】Mitchell Tanner - Eternity	https://www.bilibili.com/video/BV1bs411p7zb	正能／激励／史诗	http://i0.hdslb.com/bfs/archive/2d3f2c1affcef67281053b45879bb7b36b1d8a1a.jpg	https://www.youtube.com/watch?v=upKwInXNwO8\n【关于视频】\n来源：U2B搬运\n视频作者：Epic Music World\n\n【关于音频】\n作曲：Mitchell Tanner\n成曲时间：2016年\n其他说明：Royal Free Music。使用须授权。\n\n【相关链接】\nMitchell Tanner\n个人官方网站：www.mitchelltanner.com \nSoundcloud主页：https://soundcloud.com/mitchell-tanner	
Giovanni Puocci - Ashes of Memories／Stay Alive	https://www.bilibili.com/video/BV1Js411p7cy	抒情史诗配乐	http://i0.hdslb.com/bfs/archive/8d1636ac65d35c4942024cff1b3a0fc13a835d19.jpg	https://www.youtube.com/watch?v=xOKAZQ4nv1I\n【关于视频】\n视频作者：Epic Music World\n插画作者：WLOP\n插画网页：https://www.deviantart.com/wlop/art/Bow-673243701\n\n【关于音频】\n曲名：1. Ashes Of Memories; 2. Stay Alive\n作者：Giovanni Puocci\n官方购买网页：https://itunes.apple.com/us/album/changes-si	
【抒情史诗配乐】Dominik A. Hecker - Broken Promises	https://www.bilibili.com/video/BV1Ts411p7jT	史诗摇滚	http://i0.hdslb.com/bfs/archive/e7ec9bcfb2d7c9e9b69b20dfe388c1f423fbca90.jpg	https://www.youtube.com/watch?v=KQ3GQAGqA18\n【关于音频】\n曲名：Broken Promises\n作曲：Dominik Alexander Hecker (此人另有一个马甲Alex Doan，以做电音为主)\n发布时间：2018年3月\n官方购买网页(不含授权)：https://dominikhecker.bandcamp.com/track/broken-promises\n其他说明：Royal Free Music。All Rights Reserved。使用须经作	
【史诗摇滚】Fox Sailor - Fight Your Destiny	https://www.bilibili.com/video/BV1Ts411p7Gb	搬运	http://i0.hdslb.com/bfs/archive/ef31fc435875a5712d679018bc4d30be78c2e8ba.jpg	https://www.youtube.com/watch?v=rY1Rj4pAvwU\n【关于音频】\n作曲：Adrien Jacques (Fox Sailor是A J的一个Project)\n发布时间：2016年12月\n其他说明：Royal Free Music。官方提供的免费下载目前已断档。	
